Fase,Clase_Real,Nombre_Archivo
Train,genre,4310.jpg
Train,landscape,3693.jpg
Train,interior,1232.jpg
Train,mythological,457.jpg
Train,other,467.jpg
Train,still-life,67.jpg
Train,interior,1854.jpg
Train,mythological,2265.jpg
Train,religious,130.jpg
Train,portrait,299.jpg
Train,genre,4705.jpg
Train,genre,5921.jpg
Train,landscape,3724.jpg
Train,other,2107.jpg
Train,other,1940.jpg
Train,study,6464.jpg
Train,study,2357.jpg
Train,interior,1453.jpg
Train,interior,4790.jpg
Train,religious,517.jpg
Train,genre,5740.jpg
Train,other,1864.jpg
Train,historical,9258.jpg
Train,genre,476.jpg
Train,mythological,1.jpg
Train,landscape,3384.jpg
Train,landscape,364.jpg
Train,portrait,254.jpg
Train,study,3345.jpg
Train,genre,5727.jpg
Train,study,2298.jpg
Train,other,1742.jpg
Train,religious,323.jpg
Train,study,10552.jpg
Train,landscape,2709.jpg
Train,historical,6650.jpg
Train,portrait,3411.jpg
Train,portrait,72.jpg
Train,mythological,2711.jpg
Train,interior,1832.jpg
Train,historical,9002.jpg
Train,historical,9193.jpg
Train,study,4995.jpg
Train,religious,351.jpg
Train,study,2328.jpg
Train,religious,573.jpg
Train,still-life,4174.jpg
Train,study,12107.jpg
Train,portrait,3313.jpg
Train,still-life,4296.jpg
Train,still-life,8093.jpg
Train,interior,1443.jpg
Train,portrait,3314.jpg
Train,landscape,4319.jpg
Train,other,1624.jpg
Train,portrait,601.jpg
Train,historical,63.jpg
Train,study,2358.jpg
Train,interior,2235.jpg
Train,religious,151.jpg
Train,religious,374.jpg
Train,historical,6047.jpg
Train,study,3373.jpg
Train,mythological,3372.jpg
Train,portrait,2697.jpg
Train,historical,608.jpg
Train,genre,3845.jpg
Train,other,1403.jpg
Train,historical,9895.jpg
Train,mythological,3094.jpg
Train,mythological,2821.jpg
Train,study,5258.jpg
Train,religious,538.jpg
Train,other,1983.jpg
Train,mythological,1017.jpg
Train,landscape,4327.jpg
Train,portrait,3061.jpg
Train,portrait,2496.jpg
Train,genre,6136.jpg
Train,historical,9474.jpg
Train,portrait,2722.jpg
Train,religious,8.jpg
Train,religious,141.jpg
Train,interior,1584.jpg
Train,portrait,1084.jpg
Train,landscape,3697.jpg
Train,study,10860.jpg
Train,genre,104.jpg
Train,historical,6674.jpg
Train,study,8300.jpg
Train,interior,1505.jpg
Train,portrait,2873.jpg
Train,mythological,181.jpg
Train,landscape,3383.jpg
Train,portrait,2752.jpg
Train,landscape,3843.jpg
Train,genre,6131.jpg
Train,historical,11443.jpg
Train,genre,5982.jpg
Train,other,117.jpg
Train,mythological,3304.jpg
Train,mythological,313.jpg
Train,mythological,2835.jpg
Train,interior,1257.jpg
Train,other,218.jpg
Train,landscape,3809.jpg
Train,study,10855.jpg
Train,historical,1016.jpg
Train,portrait,2891.jpg
Train,landscape,957.jpg
Train,religious,359.jpg
Train,historical,3754.jpg
Train,still-life,5041.jpg
Train,landscape,3277.jpg
Train,other,1952.jpg
Train,interior,48.jpg
Train,landscape,2673.jpg
Train,portrait,2988.jpg
Train,mythological,3318.jpg
Train,study,2321.jpg
Train,genre,5924.jpg
Train,landscape,332.jpg
Train,other,269.jpg
Train,other,33.jpg
Train,mythological,2824.jpg
Train,genre,5744.jpg
Train,still-life,3388.jpg
Train,mythological,1020.jpg
Train,study,2329.jpg
Train,portrait,3011.jpg
Train,mythological,395.jpg
Train,still-life,5027.jpg
Train,historical,5234.jpg
Train,mythological,168.jpg
Train,mythological,2879.jpg
Train,religious,619.jpg
Train,landscape,2504.jpg
Train,genre,4524.jpg
Train,portrait,3246.jpg
Train,still-life,2527.jpg
Train,study,9247.jpg
Train,historical,8041.jpg
Train,genre,5991.jpg
Train,religious,207.jpg
Train,other,1099.jpg
Train,historical,4203.jpg
Train,mythological,2270.jpg
Train,historical,5221.jpg
Train,landscape,3716.jpg
Train,genre,953.jpg
Train,genre,4171.jpg
Train,interior,4476.jpg
Train,historical,9547.jpg
Train,portrait,5.jpg
Train,other,1859.jpg
Train,mythological,253.jpg
Train,study,3792.jpg
Train,other,1840.jpg
Train,genre,3753.jpg
Train,landscape,3265.jpg
Train,interior,2233.jpg
Train,other,1944.jpg
Train,study,12154.jpg
Train,still-life,6570.jpg
Train,mythological,2269.jpg
Train,interior,1527.jpg
Train,still-life,5028.jpg
Train,genre,4758.jpg
Train,mythological,2742.jpg
Train,mythological,277.jpg
Train,mythological,3303.jpg
Train,landscape,2981.jpg
Train,interior,1490.jpg
Train,mythological,2284.jpg
Train,other,1314.jpg
Train,study,2946.jpg
Train,historical,662.jpg
Train,historical,10533.jpg
Train,other,2027.jpg
Train,landscape,3857.jpg
Train,interior,5732.jpg
Train,still-life,87.jpg
Train,study,10767.jpg
Train,religious,372.jpg
Train,interior,3864.jpg
Train,landscape,157.jpg
Train,landscape,2595.jpg
Train,genre,3289.jpg
Train,mythological,310.jpg
Train,landscape,3707.jpg
Train,interior,1460.jpg
Train,landscape,3856.jpg
Train,other,469.jpg
Train,historical,8264.jpg
Train,religious,380.jpg
Train,landscape,285.jpg
Train,religious,348.jpg
Train,portrait,407.jpg
Train,historical,8673.jpg
Train,genre,4462.jpg
Train,study,12186.jpg
Train,other,2113.jpg
Train,genre,106.jpg
Train,genre,985.jpg
Train,interior,3200.jpg
Train,genre,5743.jpg
Train,still-life,64.jpg
Train,genre,111.jpg
Train,portrait,3352.jpg
Train,interior,1226.jpg
Train,genre,4592.jpg
Train,historical,10483.jpg
Train,other,1116.jpg
Train,landscape,2399.jpg
Train,historical,6055.jpg
Train,religious,343.jpg
Train,landscape,3706.jpg
Train,landscape,3812.jpg
Train,mythological,43.jpg
Train,portrait,639.jpg
Train,religious,500.jpg
Train,other,1636.jpg
Train,religious,196.jpg
Train,still-life,6177.jpg
Train,portrait,3235.jpg
Train,still-life,5046.jpg
Train,still-life,7220.jpg
Train,interior,1523.jpg
Train,study,2313.jpg
Train,interior,1456.jpg
Train,landscape,2675.jpg
Train,interior,1978.jpg
Train,historical,6408.jpg
Train,interior,3204.jpg
Train,other,1603.jpg
Train,portrait,422.jpg
Train,genre,110.jpg
Train,mythological,3335.jpg
Train,historical,10823.jpg
Train,landscape,3725.jpg
Train,still-life,8108.jpg
Train,genre,3877.jpg
Train,landscape,671.jpg
Train,interior,4139.jpg
Train,still-life,4188.jpg
Train,portrait,2804.jpg
Train,landscape,3869.jpg
Train,genre,5327.jpg
Train,other,1109.jpg
Train,genre,5325.jpg
Train,genre,5725.jpg
Train,religious,520.jpg
Train,still-life,7721.jpg
Train,religious,349.jpg
Train,portrait,3607.jpg
Train,other,1485.jpg
Train,study,4981.jpg
Train,portrait,568.jpg
Train,genre,6128.jpg
Train,other,442.jpg
Train,still-life,5036.jpg
Train,genre,2894.jpg
Train,historical,4364.jpg
Train,historical,3439.jpg
Train,still-life,4185.jpg
Train,still-life,3261.jpg
Train,still-life,4521.jpg
Train,genre,984.jpg
Train,genre,5438.jpg
Train,study,10698.jpg
Train,still-life,7313.jpg
Train,portrait,303.jpg
Train,landscape,4241.jpg
Train,historical,691.jpg
Train,landscape,3260.jpg
Train,mythological,3244.jpg
Train,study,12102.jpg
Train,other,1945.jpg
Train,interior,1224.jpg
Train,mythological,2778.jpg
Train,historical,61.jpg
Train,interior,1774.jpg
Train,still-life,5023.jpg
Train,interior,3875.jpg
Train,other,2065.jpg
Train,mythological,2759.jpg
Train,mythological,1015.jpg
Train,mythological,2770.jpg
Train,other,2030.jpg
Train,still-life,958.jpg
Train,landscape,672.jpg
Train,still-life,2388.jpg
Train,religious,655.jpg
Train,religious,585.jpg
Train,other,2153.jpg
Train,portrait,2698.jpg
Train,portrait,2892.jpg
Train,religious,257.jpg
Train,religious,537.jpg
Train,religious,140.jpg
Train,interior,1451.jpg
Train,historical,10850.jpg
Train,landscape,4368.jpg
Train,historical,9033.jpg
Train,genre,5389.jpg
Train,interior,204.jpg
Train,landscape,3280.jpg
Train,genre,5598.jpg
Train,religious,563.jpg
Train,other,268.jpg
Train,other,1949.jpg
Train,historical,10882.jpg
Train,genre,6129.jpg
Train,historical,6045.jpg
Train,other,1848.jpg
Train,other,1809.jpg
Train,portrait,392.jpg
Train,religious,339.jpg
Train,landscape,4382.jpg
Train,landscape,4312.jpg
Train,religious,539.jpg
Train,portrait,418.jpg
Train,historical,6058.jpg
Train,mythological,3317.jpg
Train,landscape,2475.jpg
Train,genre,6126.jpg
Train,historical,8813.jpg
Train,portrait,427.jpg
Train,still-life,4528.jpg
Train,religious,642.jpg
Train,genre,5722.jpg
Train,historical,2849.jpg
Train,other,1834.jpg
Train,mythological,2727.jpg
Train,still-life,3124.jpg
Train,still-life,4514.jpg
Train,genre,5543.jpg
Train,landscape,3838.jpg
Train,religious,391.jpg
Train,study,10766.jpg
Train,still-life,2548.jpg
Train,genre,6150.jpg
Train,landscape,2994.jpg
Train,portrait,971.jpg
Train,still-life,88.jpg
Train,religious,512.jpg
Train,landscape,480.jpg
Train,landscape,2490.jpg
Train,historical,6044.jpg
Train,other,443.jpg
Train,other,2019.jpg
Train,landscape,4321.jpg
Train,genre,4260.jpg
Train,study,237.jpg
Train,landscape,3868.jpg
Train,study,232.jpg
Train,landscape,2594.jpg
Train,mythological,690.jpg
Train,still-life,5510.jpg
Train,mythological,1087.jpg
Train,landscape,4322.jpg
Train,portrait,2956.jpg
Train,still-life,5044.jpg
Train,study,8978.jpg
Train,historical,10504.jpg
Train,interior,5390.jpg
Train,mythological,3306.jpg
Train,religious,352.jpg
Train,genre,960.jpg
Train,genre,5998.jpg
Train,portrait,2903.jpg
Train,mythological,267.jpg
Train,interior,1627.jpg
Train,interior,1542.jpg
Train,still-life,80.jpg
Train,genre,5359.jpg
Train,religious,549.jpg
Train,study,12147.jpg
Train,genre,5831.jpg
Train,landscape,2669.jpg
Train,interior,1807.jpg
Train,interior,1851.jpg
Train,portrait,2927.jpg
Train,other,1951.jpg
Train,still-life,3130.jpg
Train,genre,5795.jpg
Train,study,12183.jpg
Train,other,1756.jpg
Train,landscape,3228.jpg
Train,other,2039.jpg
Train,still-life,2539.jpg
Train,interior,1269.jpg
Train,portrait,417.jpg
Train,landscape,2488.jpg
Train,historical,7584.jpg
Train,religious,114.jpg
Train,still-life,6253.jpg
Train,mythological,2266.jpg
Train,portrait,2382.jpg
Train,historical,10525.jpg
Train,religious,592.jpg
Train,portrait,2256.jpg
Train,interior,1522.jpg
Train,religious,341.jpg
Train,study,7515.jpg
Train,religious,354.jpg
Train,interior,1822.jpg
Train,landscape,3828.jpg
Train,still-life,5808.jpg
Train,genre,3259.jpg
Train,mythological,2875.jpg
Train,historical,10527.jpg
Train,historical,10540.jpg
Train,portrait,2289.jpg
Train,study,10556.jpg
Train,interior,1436.jpg
Train,landscape,4104.jpg
Train,historical,4461.jpg
Train,still-life,4176.jpg
Train,portrait,982.jpg
Train,historical,5191.jpg
Train,religious,347.jpg
Train,study,10870.jpg
Train,landscape,2472.jpg
Train,still-life,8136.jpg
Train,other,215.jpg
Train,religious,199.jpg
Train,portrait,3421.jpg
Train,portrait,3422.jpg
Train,portrait,2647.jpg
Train,study,231.jpg
Train,other,1003.jpg
Train,interior,1565.jpg
Train,mythological,2832.jpg
Train,interior,2046.jpg
Train,historical,4145.jpg
Train,religious,342.jpg
Train,landscape,4402.jpg
Train,still-life,2547.jpg
Train,mythological,2280.jpg
Train,genre,4688.jpg
Train,religious,506.jpg
Train,landscape,1088.jpg
Train,study,12166.jpg
Train,genre,954.jpg
Train,religious,643.jpg
Train,genre,3229.jpg
Train,religious,515.jpg
Train,landscape,3694.jpg
Train,other,1796.jpg
Train,religious,524.jpg
Train,interior,1515.jpg
Train,genre,3.jpg
Train,still-life,3122.jpg
Train,portrait,158.jpg
Train,historical,7795.jpg
Train,study,5350.jpg
Train,mythological,280.jpg
Train,landscape,286.jpg
Train,other,1841.jpg
Train,religious,555.jpg
Train,portrait,3297.jpg
Train,interior,3876.jpg
Train,portrait,3564.jpg
Train,other,1995.jpg
Train,landscape,3279.jpg
Train,landscape,3685.jpg
Train,study,2354.jpg
Train,portrait,3197.jpg
Train,mythological,3010.jpg
Train,religious,644.jpg
Train,historical,5074.jpg
Train,still-life,2398.jpg
Train,historical,9516.jpg
Train,still-life,2532.jpg
Train,landscape,15.jpg
Train,interior,1120.jpg
Train,mythological,317.jpg
Train,other,2094.jpg
Train,landscape,3861.jpg
Train,genre,6079.jpg
Train,historical,6038.jpg
Train,portrait,3249.jpg
Train,genre,5925.jpg
Train,mythological,3238.jpg
Train,interior,1150.jpg
Train,genre,5992.jpg
Train,study,7306.jpg
Train,religious,312.jpg
Train,genre,5937.jpg
Train,interior,1233.jpg
Train,religious,51.jpg
Train,landscape,4401.jpg
Train,study,4512.jpg
Train,mythological,314.jpg
Train,interior,1633.jpg
Train,still-life,3435.jpg
Train,portrait,977.jpg
Train,other,1262.jpg
Train,mythological,3301.jpg
Train,landscape,3810.jpg
Train,interior,1651.jpg
Train,other,2015.jpg
Train,other,213.jpg
Train,still-life,5034.jpg
Train,study,11852.jpg
Train,historical,6914.jpg
Train,religious,627.jpg
Train,mythological,2967.jpg
Train,portrait,4.jpg
Train,religious,126.jpg
Train,mythological,439.jpg
Train,other,2043.jpg
Train,other,1108.jpg
Train,landscape,4103.jpg
Train,genre,4463.jpg
Train,historical,8298.jpg
Train,religious,134.jpg
Train,landscape,2600.jpg
Train,landscape,2505.jpg
Train,historical,6037.jpg
Train,other,1817.jpg
Train,still-life,4184.jpg
Train,still-life,2476.jpg
Train,interior,1277.jpg
Train,landscape,3689.jpg
Train,portrait,1092.jpg
Train,religious,128.jpg
Train,landscape,331.jpg
Train,historical,3776.jpg
Train,genre,4323.jpg
Train,landscape,3719.jpg
Train,study,9611.jpg
Train,landscape,3167.jpg
Train,historical,10495.jpg
Train,study,10871.jpg
Train,portrait,2918.jpg
Train,study,10866.jpg
Train,religious,614.jpg
Train,other,1982.jpg
Train,still-life,4288.jpg
Train,religious,378.jpg
Train,study,2362.jpg
Train,landscape,4243.jpg
Train,mythological,3268.jpg
Train,historical,10885.jpg
Train,other,1957.jpg
Train,religious,152.jpg
Train,mythological,435.jpg
Train,mythological,190.jpg
Train,study,2337.jpg
Train,other,1607.jpg
Train,religious,370.jpg
Train,still-life,66.jpg
Train,portrait,567.jpg
Train,still-life,4143.jpg
Train,still-life,5357.jpg
Train,religious,557.jpg
Train,landscape,4206.jpg
Train,mythological,3239.jpg
Train,religious,503.jpg
Train,mythological,18.jpg
Train,genre,5936.jpg
Train,religious,224.jpg
Train,historical,11195.jpg
Train,genre,5977.jpg
Train,religious,641.jpg
Train,historical,3676.jpg
Train,portrait,3652.jpg
Train,still-life,4182.jpg
Train,mythological,2264.jpg
Train,genre,5728.jpg
Train,religious,273.jpg
Train,study,4052.jpg
Train,historical,2928.jpg
Train,mythological,434.jpg
Train,portrait,3196.jpg
Train,mythological,453.jpg
Train,historical,5220.jpg
Train,portrait,3478.jpg
Train,historical,10784.jpg
Train,historical,5187.jpg
Train,other,1956.jpg
Train,mythological,2863.jpg
Train,mythological,185.jpg
Train,study,10768.jpg
Train,portrait,3209.jpg
Train,genre,4460.jpg
Train,interior,1440.jpg
Train,historical,60.jpg
Train,still-life,5513.jpg
Train,portrait,3250.jpg
Train,study,2311.jpg
Train,religious,164.jpg
Train,genre,5922.jpg
Train,landscape,2926.jpg
Train,other,448.jpg
Train,still-life,2699.jpg
Train,still-life,68.jpg
Train,other,2026.jpg
Train,still-life,2392.jpg
Train,interior,2059.jpg
Train,historical,10026.jpg
Train,interior,1284.jpg
Train,still-life,3916.jpg
Train,other,1634.jpg
Train,mythological,2859.jpg
Train,genre,4731.jpg
Train,mythological,16.jpg
Train,landscape,3829.jpg
Train,other,1609.jpg
Train,interior,1511.jpg
Train,historical,10804.jpg
Train,landscape,3872.jpg
Train,interior,1537.jpg
Train,other,1964.jpg
Train,genre,116.jpg
Train,portrait,978.jpg
Train,landscape,2682.jpg
Train,still-life,8111.jpg
Train,other,398.jpg
Train,historical,10791.jpg
Train,religious,494.jpg
Train,interior,2099.jpg
Train,historical,6653.jpg
Train,genre,3831.jpg
Train,other,1955.jpg
Train,genre,4161.jpg
Train,portrait,571.jpg
Train,historical,610.jpg
Train,genre,3099.jpg
Train,still-life,5031.jpg
Train,other,1979.jpg
Train,genre,6133.jpg
Train,mythological,441.jpg
Train,still-life,5660.jpg
Train,genre,6125.jpg
Train,historical,9477.jpg
Train,still-life,2911.jpg
Train,genre,5313.jpg
Train,genre,4264.jpg
Train,religious,532.jpg
Train,interior,1939.jpg
Train,genre,105.jpg
Train,interior,2163.jpg
Train,genre,4265.jpg
Train,historical,5222.jpg
Train,mythological,2941.jpg
Train,landscape,3793.jpg
Train,historical,10884.jpg
Train,mythological,3308.jpg
Train,landscape,680.jpg
Train,portrait,981.jpg
Train,genre,5512.jpg
Train,religious,544.jpg
Train,landscape,2674.jpg
Train,still-life,4162.jpg
Train,other,1635.jpg
Train,interior,1829.jpg
Train,still-life,2529.jpg
Train,interior,2104.jpg
Train,mythological,3233.jpg
Train,religious,505.jpg
Train,other,216.jpg
Train,study,5768.jpg
Train,mythological,3054.jpg
Train,landscape,2491.jpg
Train,interior,2194.jpg
Train,study,9897.jpg
Train,interior,1548.jpg
Train,mythological,2772.jpg
Train,portrait,2571.jpg
Train,interior,2211.jpg
Train,historical,2508.jpg
Train,religious,222.jpg
Train,religious,491.jpg
Train,historical,6056.jpg
Train,still-life,96.jpg
Train,study,2327.jpg
Train,other,1874.jpg
Train,landscape,3462.jpg
Train,interior,1254.jpg
Train,historical,7035.jpg
Train,interior,2175.jpg
Train,still-life,6255.jpg
Train,mythological,2968.jpg
Train,mythological,450.jpg
Train,genre,5730.jpg
Train,historical,10789.jpg
Train,genre,5929.jpg
Train,genre,1032.jpg
Train,still-life,6246.jpg
Train,historical,58.jpg
Train,study,10833.jpg
Train,historical,5225.jpg
Train,religious,623.jpg
Train,religious,613.jpg
Train,still-life,78.jpg
Train,still-life,6726.jpg
Train,other,219.jpg
Train,mythological,2806.jpg
Train,mythological,2745.jpg
Train,genre,2914.jpg
Train,still-life,4527.jpg
Train,study,4442.jpg
Train,still-life,3878.jpg
Train,other,1810.jpg
Train,still-life,8016.jpg
Train,historical,692.jpg
Train,religious,246.jpg
Train,landscape,3830.jpg
Train,study,2306.jpg
Train,religious,122.jpg
Train,religious,223.jpg
Train,other,119.jpg
Train,other,2093.jpg
Train,landscape,3700.jpg
Train,portrait,565.jpg
Train,still-life,7312.jpg
Train,still-life,3127.jpg
Train,other,1857.jpg
Train,religious,270.jpg
Train,landscape,3863.jpg
Train,portrait,566.jpg
Train,historical,7863.jpg
Train,religious,646.jpg
Train,other,1843.jpg
Train,genre,5976.jpg
Train,portrait,2461.jpg
Train,still-life,3897.jpg
Train,genre,3272.jpg
Train,historical,2642.jpg
Train,landscape,3136.jpg
Train,study,10853.jpg
Train,landscape,4330.jpg
Train,portrait,2736.jpg
Train,religious,162.jpg
Train,still-life,112.jpg
Train,study,6514.jpg
Train,religious,383.jpg
Train,historical,6151.jpg
Train,interior,1447.jpg
Train,study,4982.jpg
Train,religious,621.jpg
Train,landscape,3688.jpg
Train,other,1316.jpg
Train,portrait,230.jpg
Train,landscape,983.jpg
Train,study,12188.jpg
Train,portrait,2751.jpg
Train,genre,3291.jpg
Train,historical,10605.jpg
Train,landscape,2598.jpg
Train,study,9965.jpg
Train,religious,531.jpg
Train,mythological,2858.jpg
Train,historical,56.jpg
Train,still-life,2552.jpg
Train,portrait,3309.jpg
Train,mythological,688.jpg
Train,study,10553.jpg
Train,still-life,4516.jpg
Train,other,2036.jpg
Train,study,4988.jpg
Train,mythological,2268.jpg
Train,historical,9515.jpg
Train,interior,5930.jpg
Train,mythological,3264.jpg
Train,mythological,2262.jpg
Train,landscape,329.jpg
Train,genre,4459.jpg
Train,historical,8390.jpg
Train,portrait,3479.jpg
Train,historical,609.jpg
Train,study,4980.jpg
Train,study,10861.jpg
Train,mythological,2501.jpg
Train,genre,319.jpg
Train,genre,3442.jpg
Train,other,2054.jpg
Train,genre,5318.jpg
Train,portrait,3423.jpg
Train,other,1953.jpg
Train,religious,173.jpg
Train,study,10557.jpg
Train,portrait,3230.jpg
Train,interior,1252.jpg
Train,portrait,2255.jpg
Train,mythological,465.jpg
Train,genre,4706.jpg
Train,interior,1564.jpg
Train,other,1853.jpg
Train,landscape,3848.jpg
Train,mythological,3321.jpg
Train,genre,4605.jpg
Train,historical,8987.jpg
Train,genre,4781.jpg
Train,landscape,4318.jpg
Train,study,2332.jpg
Train,interior,52.jpg
Train,genre,5720.jpg
Train,landscape,4135.jpg
Train,landscape,4387.jpg
Train,interior,5047.jpg
Train,interior,1160.jpg
Train,religious,542.jpg
Train,religious,127.jpg
Train,still-life,7719.jpg
Train,mythological,3269.jpg
Train,portrait,2495.jpg
Train,portrait,1089.jpg
Train,interior,3201.jpg
Train,interior,2480.jpg
Train,portrait,2917.jpg
Train,portrait,2951.jpg
Train,other,1820.jpg
Train,landscape,2593.jpg
Train,still-life,4186.jpg
Train,portrait,602.jpg
Train,historical,10425.jpg
Train,mythological,2687.jpg
Train,still-life,4167.jpg
Train,religious,622.jpg
Train,study,10753.jpg
Train,landscape,3903.jpg
Train,genre,5291.jpg
Train,other,1990.jpg
Train,landscape,3714.jpg
Train,mythological,2567.jpg
Train,portrait,2756.jpg
Train,study,11894.jpg
Train,other,403.jpg
Train,landscape,667.jpg
Train,interior,1639.jpg
Train,historical,6059.jpg
Train,interior,1792.jpg
Train,portrait,1001.jpg
Train,landscape,30.jpg
Train,other,1300.jpg
Train,mythological,464.jpg
Train,study,10571.jpg
Train,still-life,4175.jpg
Train,still-life,5032.jpg
Train,other,1757.jpg
Train,other,1419.jpg
Train,genre,6153.jpg
Train,still-life,8135.jpg
Train,religious,397.jpg
Train,mythological,2758.jpg
Train,other,212.jpg
Train,still-life,3915.jpg
Train,other,1808.jpg
Train,religious,137.jpg
Train,still-life,4290.jpg
Train,genre,3100.jpg
Train,mythological,179.jpg
Train,interior,3403.jpg
Train,religious,39.jpg
Train,genre,5437.jpg
Train,portrait,1048.jpg
Train,genre,101.jpg
Train,mythological,2274.jpg
Train,other,1967.jpg
Train,portrait,240.jpg
Train,still-life,7069.jpg
Train,religious,311.jpg
Train,religious,304.jpg
Train,study,12108.jpg
Train,religious,371.jpg
Train,interior,1947.jpg
Train,interior,1972.jpg
Train,portrait,2895.jpg
Train,study,2353.jpg
Train,interior,2828.jpg
Train,still-life,5038.jpg
Train,interior,1760.jpg
Train,interior,1833.jpg
Train,portrait,2655.jpg
Train,mythological,415.jpg
Train,other,1860.jpg
Train,religious,388.jpg
Train,portrait,266.jpg
Train,portrait,3453.jpg
Train,other,561.jpg
Train,historical,5228.jpg
Train,study,10756.jpg
Train,genre,6001.jpg
Train,portrait,569.jpg
Train,other,1415.jpg
Train,genre,2576.jpg
Train,study,12336.jpg
Train,study,2326.jpg
Train,interior,6347.jpg
Train,study,10570.jpg
Train,mythological,454.jpg
Train,interior,1274.jpg
Train,landscape,2503.jpg
Train,study,4985.jpg
Train,religious,508.jpg
Train,landscape,4245.jpg
Train,historical,5664.jpg
Train,interior,4791.jpg
Train,portrait,2489.jpg
Train,historical,10432.jpg
Train,still-life,5020.jpg
Train,other,1101.jpg
Train,genre,5935.jpg
Train,historical,25.jpg
Train,genre,5986.jpg
Train,portrait,426.jpg
Train,mythological,2855.jpg
Train,mythological,3270.jpg
Train,other,1600.jpg
Train,study,5835.jpg
Train,mythological,3141.jpg
Train,landscape,3851.jpg
Train,still-life,2542.jpg
Train,religious,296.jpg
Train,study,2300.jpg
Train,landscape,2515.jpg
Train,landscape,3380.jpg
Train,genre,3895.jpg
Train,portrait,3315.jpg
Train,still-life,6249.jpg
Train,still-life,4538.jpg
Train,genre,6134.jpg
Train,mythological,2898.jpg
Train,religious,492.jpg
Train,religious,227.jpg
Train,interior,1561.jpg
Train,genre,4513.jpg
Train,religious,363.jpg
Train,portrait,3603.jpg
Train,genre,3400.jpg
Train,mythological,279.jpg
Train,interior,1586.jpg
Train,mythological,2260.jpg
Train,genre,5333.jpg
Train,genre,4819.jpg
Train,religious,647.jpg
Train,religious,612.jpg
Train,still-life,7724.jpg
Train,mythological,3240.jpg
Train,still-life,6728.jpg
Train,interior,1421.jpg
Train,interior,1761.jpg
Train,still-life,4602.jpg
Train,interior,1162.jpg
Train,study,5257.jpg
Train,historical,5195.jpg
Train,historical,5188.jpg
Train,religious,530.jpg
Train,religious,125.jpg
Train,portrait,606.jpg
Train,study,9230.jpg
Train,study,2302.jpg
Train,mythological,1006.jpg
Train,study,10555.jpg
Train,historical,5233.jpg
Train,still-life,5024.jpg
Train,historical,10785.jpg
Train,religious,198.jpg
Train,still-life,3121.jpg
Train,genre,6132.jpg
Train,historical,24.jpg
Train,still-life,5630.jpg
Train,portrait,69.jpg
Train,portrait,250.jpg
Train,mythological,2775.jpg
Train,interior,2694.jpg
Train,genre,239.jpg
Train,landscape,2585.jpg
Train,portrait,3004.jpg
Train,portrait,581.jpg
Train,genre,3406.jpg
Train,mythological,3334.jpg
Train,still-life,2386.jpg
Train,genre,5314.jpg
Train,landscape,3715.jpg
Train,study,10759.jpg
Train,religious,648.jpg
Train,genre,3267.jpg
Train,study,6164.jpg
Train,portrait,3353.jpg
Train,genre,3402.jpg
Train,other,2127.jpg
Train,mythological,2874.jpg
Train,landscape,3687.jpg
Train,genre,5830.jpg
Train,portrait,481.jpg
Train,interior,1510.jpg
Train,other,1962.jpg
Train,other,468.jpg
Train,landscape,3836.jpg
Train,study,6163.jpg
Train,portrait,2902.jpg
Train,other,1304.jpg
Train,religious,177.jpg
Train,other,1221.jpg
Train,religious,260.jpg
Train,interior,1588.jpg
Train,religious,587.jpg
Train,landscape,4384.jpg
Train,religious,547.jpg
Train,religious,133.jpg
Train,genre,5317.jpg
Train,still-life,3414.jpg
Train,mythological,3323.jpg
Train,landscape,4373.jpg
Train,interior,1271.jpg
Train,other,2018.jpg
Train,still-life,6248.jpg
Train,study,9459.jpg
Train,other,2110.jpg
Train,historical,7438.jpg
Train,historical,7581.jpg
Train,religious,543.jpg
Train,interior,1620.jpg
Train,interior,1559.jpg
Train,study,12129.jpg
Train,other,1989.jpg
Train,study,4989.jpg
Train,genre,5933.jpg
Train,historical,6048.jpg
Train,interior,1750.jpg
Train,genre,5726.jpg
Train,interior,1589.jpg
Train,mythological,400.jpg
Train,study,2356.jpg
Train,historical,8297.jpg
Train,landscape,228.jpg
Train,still-life,93.jpg
Train,mythological,3319.jpg
Train,historical,7341.jpg
Train,historical,10631.jpg
Train,historical,9262.jpg
Train,historical,479.jpg
Train,landscape,3145.jpg
Train,interior,1805.jpg
Train,other,1862.jpg
Train,landscape,2601.jpg
Train,landscape,3376.jpg
Train,genre,5675.jpg
Train,historical,9472.jpg
Train,other,2112.jpg
Train,interior,1234.jpg
Train,mythological,2833.jpg
Train,historical,10601.jpg
Train,other,1080.jpg
Train,religious,272.jpg
Train,interior,4406.jpg
Train,historical,4812.jpg
Train,mythological,2834.jpg
Train,interior,1494.jpg
Train,mythological,2728.jpg
Train,genre,4262.jpg
Train,genre,3407.jpg
Train,landscape,4136.jpg
Train,other,1601.jpg
Train,historical,7309.jpg
Train,religious,148.jpg
Train,interior,1572.jpg
Train,mythological,2282.jpg
Train,interior,1740.jpg
Train,genre,5994.jpg
Train,still-life,6723.jpg
Train,historical,11069.jpg
Train,interior,2045.jpg
Train,religious,225.jpg
Train,genre,4505.jpg
Train,mythological,451.jpg
Train,landscape,3722.jpg
Train,study,4999.jpg
Train,interior,2089.jpg
Train,historical,10531.jpg
Train,interior,6351.jpg
Train,other,1816.jpg
Train,religious,136.jpg
Train,genre,973.jpg
Train,landscape,4313.jpg
Train,historical,7781.jpg
Train,historical,10806.jpg
Train,study,10563.jpg
Train,genre,6122.jpg
Train,study,10395.jpg
Train,religious,377.jpg
Train,landscape,961.jpg
Train,landscape,2700.jpg
Train,landscape,4242.jpg
Train,portrait,478.jpg
Train,mythological,2340.jpg
Train,portrait,3005.jpg
Train,still-life,8107.jpg
Train,still-life,8018.jpg
Train,historical,10632.jpg
Train,other,309.jpg
Train,other,206.jpg
Train,genre,5980.jpg
Train,mythological,2278.jpg
Train,historical,10497.jpg
Train,landscape,326.jpg
Train,mythological,458.jpg
Train,religious,263.jpg
Train,landscape,3835.jpg
Train,other,2085.jpg
Train,mythological,3093.jpg
Train,landscape,3860.jpg
Train,still-life,6178.jpg
Train,still-life,4284.jpg
Train,still-life,5035.jpg
Train,historical,3815.jpg
Train,study,10869.jpg
Train,interior,1595.jpg
Train,genre,5599.jpg
Train,interior,4040.jpg
Train,study,11041.jpg
Train,portrait,3359.jpg
Train,genre,5342.jpg
Train,historical,10248.jpg
Train,religious,99.jpg
Train,religious,507.jpg
Train,landscape,3704.jpg
Train,mythological,144.jpg
Train,other,1895.jpg
Train,portrait,2253.jpg
Train,mythological,3447.jpg
Train,religious,519.jpg
Train,portrait,3477.jpg
Train,genre,5592.jpg
Train,still-life,3879.jpg
Train,portrait,393.jpg
Train,portrait,1078.jpg
Train,genre,4433.jpg
Train,still-life,3732.jpg
Train,landscape,4316.jpg
Train,genre,5987.jpg
Train,interior,1159.jpg
Train,other,1849.jpg
Train,study,12121.jpg
Train,interior,4662.jpg
Train,interior,6353.jpg
Train,genre,4326.jpg
Train,other,1222.jpg
Train,other,2012.jpg
Train,study,10569.jpg
Train,portrait,2896.jpg
Train,mythological,3255.jpg
Train,religious,202.jpg
Train,interior,1578.jpg
Train,religious,559.jpg
Train,religious,523.jpg
Train,religious,350.jpg
Train,religious,40.jpg
Train,study,5349.jpg
Train,mythological,3395.jpg
Train,mythological,2857.jpg
Train,historical,10964.jpg
Train,mythological,1086.jpg
Train,religious,249.jpg
Train,historical,10427.jpg
Train,mythological,2971.jpg
Train,still-life,5042.jpg
Train,still-life,2992.jpg
Train,religious,617.jpg
Train,study,10572.jpg
Train,interior,1241.jpg
Train,historical,659.jpg
Train,other,2050.jpg
Train,genre,5928.jpg
Train,historical,6057.jpg
Train,study,12139.jpg
Train,religious,497.jpg
Train,interior,1270.jpg
Train,still-life,2396.jpg
Train,other,2004.jpg
Train,still-life,5039.jpg
Train,genre,4849.jpg
Train,historical,10496.jpg
Train,landscape,3720.jpg
Train,portrait,3287.jpg
Train,interior,689.jpg
Train,interior,139.jpg
Train,interior,1311.jpg
Train,religious,634.jpg
Train,other,2052.jpg
Train,landscape,4315.jpg
Train,genre,5508.jpg
Train,interior,1977.jpg
Train,mythological,183.jpg
Train,historical,5219.jpg
Train,interior,1628.jpg
Train,historical,663.jpg
Train,genre,5932.jpg
Train,study,2338.jpg
Train,landscape,2676.jpg
Train,other,445.jpg
Train,genre,5650.jpg
Train,study,236.jpg
Train,historical,10568.jpg
Train,still-life,6247.jpg
Train,interior,2090.jpg
Train,other,1122.jpg
Train,interior,3873.jpg
Train,mythological,687.jpg
Train,religious,605.jpg
Train,other,2025.jpg
Train,study,238.jpg
Train,interior,2241.jpg
Train,religious,385.jpg
Train,interior,5609.jpg
Train,mythological,145.jpg
Train,study,5583.jpg
Train,still-life,5356.jpg
Train,other,1553.jpg
Train,study,12167.jpg
Train,historical,10779.jpg
Train,study,2350.jpg
Train,other,1969.jpg
Train,interior,1547.jpg
Train,study,10872.jpg
Train,interior,1289.jpg
Train,landscape,4380.jpg
Train,study,10851.jpg
Train,study,2304.jpg
Train,interior,1579.jpg
Train,still-life,7720.jpg
Train,other,2038.jpg
Train,other,1604.jpg
Train,study,2310.jpg
Train,interior,1310.jpg
Train,genre,5796.jpg
Train,interior,3205.jpg
Train,still-life,4298.jpg
Train,interior,1312.jpg
Train,landscape,4331.jpg
Train,portrait,3605.jpg
Train,other,1308.jpg
Train,landscape,2486.jpg
Train,mythological,992.jpg
Train,historical,6198.jpg
Train,portrait,952.jpg
Train,historical,10529.jpg
Train,study,2307.jpg
Train,interior,1434.jpg
Train,historical,5189.jpg
Train,interior,1283.jpg
Train,mythological,2662.jpg
Train,interior,2572.jpg
Train,historical,3298.jpg
Train,study,12178.jpg
Train,religious,495.jpg
Train,genre,3140.jpg
Train,landscape,3721.jpg
Train,interior,2497.jpg
Train,genre,6155.jpg
Train,genre,2385.jpg
Train,landscape,2597.jpg
Train,other,9.jpg
Train,landscape,3821.jpg
Train,portrait,2381.jpg
Train,landscape,4191.jpg
Train,religious,516.jpg
Train,study,4986.jpg
Train,landscape,3834.jpg
Train,still-life,3413.jpg
Train,genre,5649.jpg
Train,historical,8653.jpg
Train,mythological,2861.jpg
Train,portrait,71.jpg
Train,landscape,3710.jpg
Train,historical,5914.jpg
Train,genre,4259.jpg
Train,interior,2708.jpg
Train,mythological,2517.jpg
Train,other,1418.jpg
Train,genre,6137.jpg
Train,study,10868.jpg
Train,still-life,4531.jpg
Train,study,474.jpg
Train,landscape,2582.jpg
Train,other,210.jpg
Train,study,4984.jpg
Train,mythological,3305.jpg
Train,study,5006.jpg
Train,religious,533.jpg
Train,portrait,3357.jpg
Train,other,1458.jpg
Train,interior,1568.jpg
Train,genre,3681.jpg
Train,genre,6147.jpg
Train,still-life,3387.jpg
Train,study,12338.jpg
Train,portrait,3237.jpg
Train,portrait,1002.jpg
Train,historical,5193.jpg
Train,still-life,6738.jpg
Train,landscape,3686.jpg
Train,interior,1529.jpg
Train,portrait,3190.jpg
Train,other,1306.jpg
Train,portrait,3283.jpg
Train,historical,10428.jpg
Train,other,414.jpg
Train,mythological,278.jpg
Train,historical,10512.jpg
Train,portrait,1047.jpg
Train,still-life,2535.jpg
Train,portrait,421.jpg
Train,other,1608.jpg
Train,interior,1562.jpg
Train,still-life,89.jpg
Train,mythological,143.jpg
Train,other,1818.jpg
Train,historical,10807.jpg
Train,landscape,3805.jpg
Train,mythological,2611.jpg
Train,portrait,2383.jpg
Train,other,2106.jpg
Train,still-life,2537.jpg
Train,landscape,3841.jpg
Train,still-life,3914.jpg
Train,portrait,2251.jpg
Train,still-life,2551.jpg
Train,portrait,2468.jpg
Train,other,1850.jpg
Train,historical,9538.jpg
Train,mythological,3326.jpg
Train,study,12138.jpg
Train,mythological,2773.jpg
Train,religious,261.jpg
Train,portrait,3419.jpg
Train,portrait,3354.jpg
Train,landscape,4179.jpg
Train,portrait,428.jpg
Train,mythological,991.jpg
Train,study,10560.jpg
Train,landscape,3723.jpg
Train,religious,620.jpg
Train,interior,4783.jpg
Train,study,12137.jpg
Train,other,2028.jpg
Train,still-life,4519.jpg
Train,still-life,2394.jpg
Train,still-life,2549.jpg
Train,genre,4160.jpg
Train,study,12134.jpg
Train,still-life,6535.jpg
Train,portrait,2985.jpg
Train,mythological,3266.jpg
Train,historical,26.jpg
Train,interior,4378.jpg
Train,historical,10501.jpg
Train,landscape,677.jpg
Train,interior,560.jpg
Train,genre,5999.jpg
Train,genre,4582.jpg
Train,other,118.jpg
Train,study,9615.jpg
Train,still-life,8062.jpg
Train,study,12111.jpg
Train,study,2301.jpg
Train,interior,2191.jpg
Train,genre,5064.jpg
Train,interior,1441.jpg
Train,study,2359.jpg
Train,landscape,4383.jpg
Train,other,306.jpg
Train,mythological,2276.jpg
Train,mythological,2283.jpg
Train,religious,340.jpg
Train,historical,10484.jpg
Train,landscape,2681.jpg
Train,other,1110.jpg
Train,still-life,4168.jpg
Train,genre,3271.jpg
Train,historical,10514.jpg
Train,other,2022.jpg
Train,other,1865.jpg
Train,religious,325.jpg
Train,portrait,2293.jpg
Train,mythological,333.jpg
Train,mythological,2904.jpg
Train,study,10699.jpg
Train,historical,5232.jpg
Train,still-life,4189.jpg
Train,portrait,3294.jpg
Train,mythological,2663.jpg
Train,landscape,4207.jpg
Train,other,1798.jpg
Train,other,208.jpg
Train,historical,7440.jpg
Train,portrait,2740.jpg
Train,still-life,5040.jpg
Train,mythological,2261.jpg
Train,study,3105.jpg
Train,historical,10794.jpg
Train,genre,5938.jpg
Train,study,2963.jpg
Train,still-life,2397.jpg
Train,other,153.jpg
Train,mythological,182.jpg
Train,genre,3929.jpg
Train,landscape,327.jpg
Train,mythological,45.jpg
Train,other,2111.jpg
Train,interior,5562.jpg
Train,mythological,2344.jpg
Train,still-life,4282.jpg
Train,religious,322.jpg
Train,genre,297.jpg
Train,landscape,3811.jpg
Train,portrait,1044.jpg
Train,study,9612.jpg
Train,other,2041.jpg
Train,landscape,4328.jpg
Train,interior,1793.jpg
Train,other,1863.jpg
Train,mythological,3008.jpg
Train,historical,10510.jpg
Train,other,1821.jpg
Train,landscape,3362.jpg
Train,other,337.jpg
Train,landscape,3696.jpg
Train,religious,274.jpg
Train,other,1115.jpg
Train,mythological,2862.jpg
Train,historical,5433.jpg
Train,portrait,300.jpg
Train,interior,5560.jpg
Train,genre,4552.jpg
Train,genre,6120.jpg
Train,religious,200.jpg
Train,still-life,109.jpg
Train,historical,4335.jpg
Train,still-life,3120.jpg
Train,still-life,6731.jpg
Train,still-life,5029.jpg
Train,genre,5302.jpg
Train,still-life,6389.jpg
Train,still-life,6257.jpg
Train,study,2305.jpg
Train,historical,9206.jpg
Train,other,209.jpg
Train,study,3951.jpg
Train,genre,3825.jpg
Train,still-life,2533.jpg
Train,portrait,2800.jpg
Train,still-life,94.jpg
Train,portrait,3248.jpg
Train,still-life,3126.jpg
Train,portrait,2657.jpg
Train,historical,5912.jpg
Train,portrait,425.jpg
Train,portrait,3278.jpg
Train,religious,600.jpg
Train,landscape,4311.jpg
Train,portrait,2570.jpg
Train,other,2017.jpg
Train,landscape,2487.jpg
Train,religious,640.jpg
Train,interior,1549.jpg
Train,historical,665.jpg
Train,still-life,6258.jpg
Train,study,292.jpg
Train,other,316.jpg
Train,genre,5328.jpg
Train,landscape,2592.jpg
Train,genre,4457.jpg
Train,religious,541.jpg
Train,still-life,4285.jpg
Train,genre,4272.jpg
Train,portrait,3524.jpg
Train,study,2345.jpg
Train,still-life,4187.jpg
Train,landscape,4388.jpg
Train,religious,23.jpg
Train,study,10558.jpg
Train,genre,4150.jpg
Train,landscape,3695.jpg
Train,historical,2634.jpg
Train,portrait,3561.jpg
Train,still-life,4299.jpg
Train,other,1856.jpg
Train,portrait,3275.jpg
Train,genre,4261.jpg
Train,portrait,3465.jpg
Train,landscape,3377.jpg
Train,still-life,3125.jpg
Train,still-life,6251.jpg
Train,study,6710.jpg
Train,religious,129.jpg
Train,study,2309.jpg
Train,mythological,2738.jpg
Train,landscape,3711.jpg
Train,portrait,2872.jpg
Train,genre,4420.jpg
Train,study,5004.jpg
Train,other,470.jpg
Train,landscape,4403.jpg
Train,historical,10431.jpg
Train,study,5673.jpg
Train,mythological,2273.jpg
Train,religious,362.jpg
Train,religious,558.jpg
Train,portrait,572.jpg
Train,religious,275.jpg
Train,study,10479.jpg
Train,landscape,2677.jpg
Train,religious,589.jpg
Train,historical,9971.jpg
Train,mythological,170.jpg
Train,genre,4458.jpg
Train,portrait,1079.jpg
Train,interior,3203.jpg
Train,other,676.jpg
Train,genre,120.jpg
Train,religious,353.jpg
Train,mythological,432.jpg
Train,study,10867.jpg
Train,interior,1538.jpg
Train,genre,5052.jpg
Train,mythological,2822.jpg
Train,religious,150.jpg
Train,interior,6350.jpg
Train,landscape,3867.jpg
Train,still-life,6252.jpg
Train,landscape,2668.jpg
Train,historical,10633.jpg
Train,study,2317.jpg
Train,other,1813.jpg
Train,study,5005.jpg
Train,other,1457.jpg
Train,other,2024.jpg
Train,study,10864.jpg
Train,mythological,1007.jpg
Train,interior,1569.jpg
Train,mythological,466.jpg
Train,study,12118.jpg
Train,interior,55.jpg
Train,study,7973.jpg
Train,landscape,3709.jpg
Train,genre,4539.jpg
Train,mythological,3300.jpg
Train,mythological,174.jpg
Train,study,2312.jpg
Train,mythological,3446.jpg
Train,other,2088.jpg
Train,study,10757.jpg
Train,religious,369.jpg
Train,study,3827.jpg
Train,religious,28.jpg
Train,religious,514.jpg
Train,historical,8326.jpg
Train,other,1554.jpg
Train,historical,5053.jpg
Train,other,1852.jpg
Train,other,2014.jpg
Train,genre,5514.jpg
Train,genre,2506.jpg
Train,interior,588.jpg
Train,landscape,2509.jpg
Train,interior,2239.jpg
Train,portrait,2725.jpg
Train,study,5000.jpg
Train,mythological,2287.jpg
Train,genre,974.jpg
Train,study,2299.jpg
Train,religious,554.jpg
Train,other,1950.jpg
Train,genre,5509.jpg
Train,other,2105.jpg
Train,historical,7441.jpg
Train,interior,1297.jpg
Train,interior,2007.jpg
Train,mythological,2777.jpg
Train,study,10399.jpg
Train,mythological,2263.jpg
Train,other,1220.jpg
Train,mythological,74.jpg
Train,study,9526.jpg
Train,portrait,2984.jpg
Train,portrait,3252.jpg
Train,religious,595.jpg
Train,landscape,3850.jpg
Train,historical,9331.jpg
Train,genre,5420.jpg
Train,historical,10513.jpg
Train,religious,488.jpg
Train,mythological,2341.jpg
Train,historical,6152.jpg
Train,mythological,2275.jpg
Train,still-life,2546.jpg
Train,religious,382.jpg
Train,landscape,3844.jpg
Train,religious,591.jpg
Train,still-life,2525.jpg
Train,portrait,419.jpg
Train,study,6715.jpg
Train,religious,226.jpg
Train,study,2322.jpg
Train,study,2324.jpg
Train,study,10761.jpg
Train,portrait,2869.jpg
Train,study,2336.jpg
Train,historical,4815.jpg
Train,landscape,482.jpg
Train,historical,9514.jpg
Train,religious,628.jpg
Train,other,13.jpg
Train,other,1861.jpg
Train,study,611.jpg
Train,portrait,2467.jpg
Train,mythological,3245.jpg
Train,genre,5440.jpg
Train,religious,522.jpg
Train,landscape,4137.jpg
Train,still-life,2920.jpg
Train,genre,5591.jpg
Train,genre,3874.jpg
Train,landscape,2995.jpg
Train,historical,335.jpg
Train,genre,103.jpg
Train,landscape,4246.jpg
Train,study,9461.jpg
Train,still-life,8091.jpg
Train,study,12153.jpg
Train,study,8026.jpg
Train,genre,3012.jpg
Train,still-life,65.jpg
Train,still-life,5045.jpg
Train,genre,5332.jpg
Train,still-life,3434.jpg
Train,interior,1786.jpg
Train,historical,6675.jpg
Train,mythological,2886.jpg
Train,genre,4687.jpg
Train,still-life,4533.jpg
Train,religious,356.jpg
Train,other,1261.jpg
Train,interior,1301.jpg
Train,historical,10430.jpg
Train,portrait,3562.jpg
Train,other,1121.jpg
Train,interior,1753.jpg
Train,genre,4547.jpg
Train,study,12128.jpg
Train,interior,2201.jpg
Train,still-life,3128.jpg
Train,study,2363.jpg
Train,mythological,165.jpg
Train,landscape,284.jpg
Train,portrait,3604.jpg
Train,religious,545.jpg
Train,portrait,477.jpg
Train,other,1315.jpg
Train,religious,637.jpg
Train,religious,649.jpg
Train,other,1302.jpg
Train,portrait,955.jpg
Train,religious,513.jpg
Train,mythological,2856.jpg
Train,portrait,1064.jpg
Train,historical,2798.jpg
Train,interior,5570.jpg
Train,still-life,6737.jpg
Train,still-life,3896.jpg
Train,historical,10957.jpg
Train,genre,5985.jpg
Train,religious,123.jpg
Train,religious,652.jpg
Train,mythological,3412.jpg
Train,portrait,2295.jpg
Train,portrait,36.jpg
Train,mythological,2272.jpg
Train,portrait,3451.jpg
Train,other,1125.jpg
Train,other,1988.jpg
Train,study,10763.jpg
Train,other,1111.jpg
Train,landscape,3705.jpg
Train,religious,264.jpg
Train,interior,3084.jpg
Train,other,673.jpg
Train,genre,5625.jpg
Train,mythological,3302.jpg
Train,interior,1835.jpg
Train,portrait,2997.jpg
Train,landscape,3699.jpg
Train,still-life,4190.jpg
Train,religious,163.jpg
Train,still-life,85.jpg
Train,landscape,2589.jpg
Train,interior,1446.jpg
Train,study,2364.jpg
Train,historical,10783.jpg
Train,genre,5981.jpg
Train,study,2316.jpg
Train,still-life,84.jpg
Train,mythological,2864.jpg
Train,other,2180.jpg
Train,other,1555.jpg
Train,genre,5974.jpg
Train,religious,548.jpg
Train,study,2320.jpg
Train,other,2048.jpg
Train,other,1552.jpg
Train,religious,625.jpg
Train,genre,5926.jpg
Train,historical,6052.jpg
Train,portrait,2955.jpg
Train,interior,1188.jpg
Train,still-life,2528.jpg
Train,still-life,3389.jpg
Train,other,1844.jpg
Train,portrait,3417.jpg
Train,historical,664.jpg
Train,portrait,3282.jpg
Train,religious,376.jpg
Train,portrait,970.jpg
Train,portrait,355.jpg
Train,mythological,3325.jpg
Train,historical,5940.jpg
Train,study,9616.jpg
Train,study,7308.jpg
Train,interior,2091.jpg
Train,other,10.jpg
Train,portrait,409.jpg
Train,study,10758.jpg
Train,portrait,2724.jpg
Train,historical,11055.jpg
Train,historical,10795.jpg
Train,study,5263.jpg
Train,other,1842.jpg
Train,historical,320.jpg
Train,historical,4814.jpg
Train,portrait,1053.jpg
Train,historical,6043.jpg
Train,still-life,2545.jpg
Train,religious,536.jpg
Train,religious,345.jpg
Train,interior,1573.jpg
Train,landscape,2680.jpg
Train,interior,1580.jpg
Train,still-life,3391.jpg
Train,landscape,3858.jpg
Train,religious,361.jpg
Train,still-life,5037.jpg
Train,portrait,301.jpg
Train,landscape,2599.jpg
Train,other,1968.jpg
Train,interior,1804.jpg
Train,study,8559.jpg
Train,mythological,1085.jpg
Train,portrait,3002.jpg
Train,interior,2210.jpg
Train,genre,4466.jpg
Train,genre,5997.jpg
Train,mythological,2845.jpg
Train,study,9610.jpg
Train,landscape,3871.jpg
Train,portrait,3360.jpg
Train,study,1076.jpg
Train,study,12152.jpg
Train,other,37.jpg
Train,other,1124.jpg
Train,study,8406.jpg
Train,historical,5391.jpg
Train,study,12185.jpg
Train,interior,1575.jpg
Train,interior,3206.jpg
Train,historical,10781.jpg
Train,landscape,3901.jpg
Train,still-life,8092.jpg
Train,mythological,1004.jpg
Train,study,10762.jpg
Train,still-life,4529.jpg
Train,mythological,3256.jpg
Train,still-life,8017.jpg
Train,still-life,3262.jpg
Train,landscape,3833.jpg
Train,interior,2044.jpg
Train,mythological,2343.jpg
Train,study,12113.jpg
Train,portrait,1046.jpg
Train,study,9481.jpg
Train,mythological,2714.jpg
Train,other,1942.jpg
Train,interior,3039.jpg
Train,religious,630.jpg
Train,portrait,3418.jpg
Train,study,626.jpg
Train,genre,1019.jpg
Train,study,6465.jpg
Train,study,4748.jpg
Train,portrait,980.jpg
Train,interior,4157.jpg
Train,portrait,3468.jpg
Train,other,1797.jpg
Train,mythological,438.jpg
Train,interior,1828.jpg
Train,interior,1272.jpg
Train,portrait,3361.jpg
Train,genre,4817.jpg
Train,religious,38.jpg
Train,other,1936.jpg
Train,genre,5718.jpg
Train,religious,590.jpg
Train,religious,113.jpg
Train,genre,2579.jpg
Train,portrait,302.jpg
Train,mythological,3327.jpg
Train,study,9228.jpg
Train,religious,604.jpg
Train,study,5260.jpg
Train,still-life,4156.jpg
Train,historical,5608.jpg
Train,religious,650.jpg
Train,other,1970.jpg
Train,genre,6000.jpg
Train,religious,653.jpg
Train,landscape,682.jpg
Train,still-life,4740.jpg
Train,study,12130.jpg
Train,religious,518.jpg
Train,interior,1454.jpg
Train,landscape,3842.jpg
Train,religious,510.jpg
Train,portrait,3234.jpg
Train,still-life,5659.jpg
Train,historical,10433.jpg
Train,historical,6557.jpg
Train,portrait,3420.jpg
Train,interior,1239.jpg
Train,historical,4813.jpg
Train,landscape,3379.jpg
Train,still-life,7718.jpg
Train,historical,658.jpg
Train,still-life,5387.jpg
Train,interior,1541.jpg
Train,mythological,2814.jpg
Train,mythological,2347.jpg
Train,historical,3752.jpg
Train,interior,2101.jpg
Train,other,959.jpg
Train,other,1646.jpg
Train,study,4987.jpg
Train,portrait,2658.jpg
Train,genre,4372.jpg
Train,mythological,3083.jpg
Train,landscape,3717.jpg
Train,landscape,154.jpg
Train,still-life,75.jpg
Train,still-life,2391.jpg
Train,landscape,4431.jpg
Train,portrait,564.jpg
Train,portrait,3449.jpg
Train,study,12145.jpg
Train,study,7569.jpg
Train,mythological,189.jpg
Train,landscape,2470.jpg
Train,religious,373.jpg
Train,genre,3401.jpg
Train,interior,244.jpg
Train,religious,195.jpg
Train,historical,10025.jpg
Train,portrait,2929.jpg
Train,religious,635.jpg
Train,religious,618.jpg
Train,historical,10541.jpg
Train,landscape,4134.jpg
Train,historical,9894.jpg
Train,landscape,4381.jpg
Train,interior,1827.jpg
Train,still-life,6725.jpg
Train,still-life,6259.jpg
Train,historical,4542.jpg
Train,portrait,3109.jpg
Train,other,1996.jpg
Train,religious,429.jpg
Train,still-life,4520.jpg
Train,portrait,2739.jpg
Train,mythological,3102.jpg
Train,historical,7710.jpg
Train,other,203.jpg
Train,genre,5687.jpg
Train,religious,504.jpg
Train,mythological,34.jpg
Train,interior,2463.jpg
Train,genre,6130.jpg
Train,portrait,2803.jpg
Train,landscape,2516.jpg
Train,interior,3202.jpg
Train,historical,8671.jpg
Train,religious,654.jpg
Train,still-life,3733.jpg
Train,genre,4409.jpg
Train,genre,6148.jpg
Train,still-life,5025.jpg
Train,interior,1585.jpg
Train,still-life,91.jpg
Train,religious,594.jpg
Train,still-life,3393.jpg
Train,study,2349.jpg
Train,historical,9330.jpg
Train,historical,3251.jpg
Train,interior,2190.jpg
Train,study,9964.jpg
Train,genre,2887.jpg
Train,landscape,4320.jpg
Train,study,5262.jpg
Train,interior,1255.jpg
Train,interior,1546.jpg
Train,genre,2613.jpg
Train,religious,98.jpg
Train,interior,1249.jpg
Train,historical,290.jpg
Train,portrait,3668.jpg
Train,portrait,3013.jpg
Train,historical,10886.jpg
Train,portrait,2574.jpg
Train,mythological,2277.jpg
Train,other,1123.jpg
Train,interior,6345.jpg
Train,landscape,483.jpg
Train,interior,1243.jpg
Train,mythological,283.jpg
Train,study,10300.jpg
Train,portrait,420.jpg
Train,portrait,1043.jpg
Train,other,1307.jpg
Train,mythological,2731.jpg
Train,still-life,2544.jpg
Train,study,2318.jpg
Train,portrait,2870.jpg
Train,portrait,975.jpg
Train,portrait,2884.jpg
Train,landscape,2679.jpg
Train,still-life,4424.jpg
Train,religious,521.jpg
Train,religious,115.jpg
Train,interior,1781.jpg
Train,religious,556.jpg
Train,landscape,3416.jpg
Train,other,1290.jpg
Train,historical,10805.jpg
Train,still-life,2729.jpg
Train,interior,2693.jpg
Train,mythological,289.jpg
Train,other,472.jpg
Train,interior,1614.jpg
Train,mythological,175.jpg
Train,landscape,7.jpg
Train,portrait,2659.jpg
Train,other,674.jpg
Train,religious,576.jpg
Train,religious,550.jpg
Train,study,4996.jpg
Train,religious,138.jpg
Train,study,10736.jpg
Train,interior,1422.jpg
Train,still-life,81.jpg
Train,mythological,2912.jpg
Train,genre,5988.jpg
Train,still-life,2531.jpg
Train,study,10750.jpg
Train,historical,10522.jpg
Train,historical,5192.jpg
Train,mythological,184.jpg
Train,still-life,2390.jpg
Train,landscape,3855.jpg
Train,other,1986.jpg
Train,religious,142.jpg
Train,genre,161.jpg
Train,landscape,3846.jpg
Train,portrait,3156.jpg
Train,landscape,2591.jpg
Train,historical,7580.jpg
Train,historical,4541.jpg
Train,historical,5190.jpg
Train,interior,4324.jpg
Train,study,12132.jpg
Train,landscape,330.jpg
Train,still-life,3131.jpg
Train,portrait,3276.jpg
Train,mythological,3320.jpg
Train,other,1551.jpg
Train,historical,6050.jpg
Train,mythological,2614.jpg
Train,study,10559.jpg
Train,landscape,2514.jpg
Train,religious,574.jpg
Train,landscape,3104.jpg
Train,portrait,3355.jpg
Train,religious,526.jpg
Train,landscape,4385.jpg
Train,other,1905.jpg
Train,other,1991.jpg
Train,still-life,4142.jpg
Train,portrait,2754.jpg
Train,genre,5979.jpg
Train,mythological,166.jpg
Train,historical,6558.jpg
Train,still-life,6569.jpg
Train,portrait,2906.jpg
Train,portrait,597.jpg
Train,mythological,430.jpg
Train,mythological,2271.jpg
Train,religious,586.jpg
Train,genre,321.jpg
Train,study,12103.jpg
Train,landscape,3839.jpg
Train,still-life,4601.jpg
Train,interior,1830.jpg
Train,genre,5292.jpg
Train,historical,6060.jpg
Train,mythological,2779.jpg
Train,interior,6352.jpg
Train,historical,9380.jpg
Train,study,4979.jpg
Train,interior,1617.jpg
Train,religious,221.jpg
Train,still-life,4283.jpg
Train,religious,615.jpg
Train,still-life,4603.jpg
Train,religious,256.jpg
Train,landscape,3893.jpg
Train,landscape,2583.jpg
Train,interior,1158.jpg
Train,interior,1499.jpg
Train,genre,4727.jpg
Train,interior,5516.jpg
Train,interior,1250.jpg
Train,mythological,287.jpg
Train,portrait,2868.jpg
Train,religious,598.jpg
Train,portrait,413.jpg
Train,historical,5226.jpg
Train,historical,10790.jpg
Train,portrait,2294.jpg
Train,study,2315.jpg
Train,still-life,2534.jpg
Train,other,1815.jpg
Train,genre,4581.jpg
Train,other,1948.jpg
Train,mythological,2569.jpg
Train,still-life,92.jpg
Train,study,10865.jpg
Train,historical,6046.jpg
Train,interior,1273.jpg
Train,interior,1147.jpg
Train,study,4997.jpg
Train,mythological,1005.jpg
Train,portrait,2915.jpg
Train,interior,4792.jpg
Train,still-life,6272.jpg
Train,still-life,2389.jpg
Train,study,5558.jpg
Train,interior,1806.jpg
Train,religious,575.jpg
Train,landscape,4379.jpg
Train,mythological,2279.jpg
Train,mythological,3316.jpg
Train,study,3852.jpg
Train,genre,5323.jpg
Train,still-life,4517.jpg
Train,study,10752.jpg
Train,other,2020.jpg
Train,genre,5978.jpg
Train,mythological,2966.jpg
Train,interior,1597.jpg
Train,other,675.jpg
Train,study,10754.jpg
Train,landscape,3698.jpg
Train,historical,6049.jpg
Train,mythological,2831.jpg
Train,religious,579.jpg
Train,mythological,2281.jpg
Train,other,1098.jpg
Train,portrait,2404.jpg
Train,historical,6039.jpg
Train,mythological,437.jpg
Train,genre,4255.jpg
Train,still-life,4281.jpg
Train,still-life,2550.jpg
Train,mythological,2921.jpg
Train,portrait,3115.jpg
Train,genre,2555.jpg
Train,other,1812.jpg
Train,mythological,186.jpg
Train,still-life,6273.jpg
Train,interior,1100.jpg
Train,interior,2202.jpg
Train,other,1605.jpg
Train,mythological,2819.jpg
Train,other,578.jpg
Train,study,7570.jpg
Train,portrait,1011.jpg
Train,religious,305.jpg
Train,portrait,2802.jpg
Train,landscape,2502.jpg
Test,genre,102.jpg
Test,other,2011.jpg
Test,other,2116.jpg
Test,portrait,2958.jpg
Test,study,2303.jpg
Test,portrait,298.jpg
Test,other,670.jpg
Test,portrait,3060.jpg
Test,interior,1787.jpg
Test,historical,59.jpg
Test,religious,511.jpg
Test,religious,577.jpg
Test,interior,2854.jpg
Test,portrait,2957.jpg
Test,historical,10819.jpg
Test,still-life,77.jpg
Test,landscape,2586.jpg
Test,other,27.jpg
Test,still-life,108.jpg
Test,still-life,6174.jpg
Test,study,12141.jpg
Test,mythological,315.jpg
Test,genre,5731.jpg
Test,historical,10429.jpg
Test,study,7568.jpg
Test,still-life,4169.jpg
Test,portrait,1049.jpg
Test,historical,661.jpg
Test,landscape,2471.jpg
Test,landscape,3690.jpg
Test,mythological,44.jpg
Test,landscape,2996.jpg
Test,mythological,1018.jpg
Test,portrait,2989.jpg
Test,mythological,191.jpg
Test,religious,357.jpg
Test,religious,487.jpg
Test,mythological,989.jpg
Test,interior,1577.jpg
Test,genre,5326.jpg
Test,still-life,90.jpg
Test,landscape,4376.jpg
Test,other,399.jpg
Test,mythological,459.jpg
Test,interior,1904.jpg
Test,religious,485.jpg
Test,study,2352.jpg
Test,genre,2973.jpg
Test,religious,194.jpg
Test,study,10625.jpg
Test,genre,107.jpg
Test,portrait,410.jpg
Test,study,234.jpg
Test,landscape,4247.jpg
Test,mythological,167.jpg
Test,other,583.jpg
Test,genre,4851.jpg
Test,interior,1747.jpg
Test,genre,5310.jpg
Test,study,8159.jpg
Test,still-life,5026.jpg
Test,still-life,4244.jpg
Test,study,4994.jpg
Test,historical,6564.jpg
Test,portrait,2949.jpg
Test,portrait,1067.jpg
Test,interior,1438.jpg
Test,religious,12.jpg
Test,religious,358.jpg
Test,portrait,3563.jpg
Test,historical,7864.jpg
Test,genre,5721.jpg
Test,mythological,2286.jpg
Test,interior,1836.jpg
Test,historical,5227.jpg
Test,portrait,972.jpg
Test,genre,5973.jpg
Test,mythological,449.jpg
Test,genre,5550.jpg
Test,historical,9972.jpg
Test,study,2319.jpg
Test,landscape,2580.jpg
Test,religious,124.jpg
Test,other,1140.jpg
Test,other,1900.jpg
Test,landscape,3859.jpg
Test,interior,1520.jpg
Test,mythological,3082.jpg
Test,genre,2893.jpg
Test,other,367.jpg
Test,historical,10524.jpg
Test,genre,6135.jpg
Test,still-life,95.jpg
Test,religious,484.jpg
Test,historical,4510.jpg
Test,landscape,3386.jpg
Test,historical,8876.jpg
Test,other,14.jpg
Test,other,11.jpg
Test,religious,496.jpg
Test,portrait,2250.jpg
Test,portrait,2254.jpg
Test,interior,1276.jpg
Test,interior,1581.jpg
Test,study,9614.jpg
Test,still-life,6175.jpg
Test,interior,1825.jpg
Test,other,1402.jpg
Test,other,832.jpg
Test,genre,4159.jpg
Test,historical,8905.jpg
Test,still-life,6727.jpg
Test,still-life,6250.jpg
Test,genre,4166.jpg
Test,study,10764.jpg
Test,other,471.jpg
Test,still-life,5807.jpg
Test,study,2361.jpg
Test,study,2351.jpg
Test,religious,390.jpg
Test,still-life,5809.jpg
Test,landscape,668.jpg
Test,landscape,3381.jpg
Test,genre,6139.jpg
Test,study,12135.jpg
Test,still-life,2541.jpg
Test,study,11162.jpg
Test,other,211.jpg
Test,other,2016.jpg
Test,still-life,4183.jpg
Test,still-life,3263.jpg
Test,still-life,6173.jpg
Test,mythological,1014.jpg
Test,genre,3058.jpg
Test,genre,5548.jpg
Test,historical,4193.jpg
Test,mythological,180.jpg
Test,religious,489.jpg
Test,landscape,4386.jpg
Test,historical,6042.jpg
Test,religious,406.jpg
Test,landscape,229.jpg
Test,historical,3344.jpg
Test,religious,498.jpg
Test,study,2333.jpg
Test,mythological,2776.jpg
Test,historical,31.jpg
Test,landscape,4396.jpg
Test,interior,3734.jpg
Test,landscape,2672.jpg
Test,religious,386.jpg
Test,still-life,5358.jpg
Test,interior,2234.jpg
Test,other,1483.jpg
Test,genre,5729.jpg
Test,landscape,4371.jpg
Test,study,12159.jpg
Test,mythological,2830.jpg
Test,historical,10811.jpg
Test,study,2335.jpg
Test,other,217.jpg
Test,landscape,19.jpg
Test,study,10394.jpg
Test,still-life,3394.jpg
Test,landscape,3433.jpg
Test,mythological,686.jpg
Test,religious,631.jpg
Test,other,2181.jpg
Test,mythological,2850.jpg
Test,portrait,684.jpg
Test,historical,10532.jpg
Test,mythological,3299.jpg
Test,genre,5995.jpg
Test,historical,660.jpg
Test,genre,5742.jpg
Test,religious,638.jpg
Test,historical,336.jpg
Test,landscape,4426.jpg
Test,still-life,2530.jpg
Test,other,243.jpg
Test,still-life,6373.jpg
Test,other,2092.jpg
Test,genre,6121.jpg
Test,historical,10084.jpg
Test,still-life,3759.jpg
Test,mythological,964.jpg
Test,interior,2166.jpg
Test,interior,1113.jpg
Test,study,4992.jpg
Test,still-life,3880.jpg
Test,other,2047.jpg
Test,interior,1738.jpg
Test,other,2108.jpg
Test,study,2355.jpg
Test,religious,534.jpg
Test,other,1837.jpg
Test,historical,3339.jpg
Test,portrait,1010.jpg
Test,religious,131.jpg
Test,interior,2077.jpg
Test,genre,5686.jpg
Test,genre,4268.jpg
Test,portrait,2257.jpg
Test,genre,3096.jpg
Test,study,9229.jpg
Test,still-life,6739.jpg
Test,genre,4158.jpg
Test,still-life,2990.jpg
Test,religious,629.jpg
Test,religious,502.jpg
Test,other,2035.jpg
Test,interior,6349.jpg
Test,still-life,2540.jpg
Test,other,241.jpg
Test,interior,5561.jpg
Test,still-life,3123.jpg
Test,still-life,6374.jpg
Test,other,669.jpg
Test,historical,7877.jpg
Test,study,3295.jpg
Test,portrait,73.jpg
Test,landscape,2678.jpg
Test,portrait,2815.jpg
Test,other,447.jpg
Test,mythological,2654.jpg
Test,study,6735.jpg
Test,study,12131.jpg
Test,historical,10488.jpg
Test,other,1847.jpg
Test,study,6716.jpg
Test,still-life,4289.jpg
Test,historical,6051.jpg
Test,portrait,402.jpg
Test,genre,4263.jpg
Test,other,1946.jpg
Test,religious,486.jpg
Test,mythological,291.jpg
Test,landscape,4180.jpg
Test,study,9902.jpg
Test,genre,4735.jpg
Test,interior,1831.jpg
Test,other,1637.jpg
Test,mythological,17.jpg
Test,still-life,82.jpg
Test,portrait,29.jpg
Test,landscape,3712.jpg
Test,historical,6053.jpg
Test,interior,685.jpg
Test,portrait,70.jpg
Test,interior,1251.jpg
Test,religious,384.jpg
Test,historical,4333.jpg
Test,still-life,6256.jpg
Test,study,12187.jpg
Test,genre,5990.jpg
Test,portrait,3210.jpg
Test,study,12172.jpg
Test,study,9457.jpg
Test,mythological,2876.jpg
Test,landscape,4317.jpg
Test,genre,696.jpg
Test,still-life,8109.jpg
Test,genre,4548.jpg
Test,genre,6149.jpg
Test,landscape,4400.jpg
Test,portrait,2987.jpg
Test,mythological,3092.jpg
Test,genre,5547.jpg
Test,religious,593.jpg
Test,genre,5983.jpg
Test,historical,10824.jpg
Test,study,4621.jpg
Test,still-life,2538.jpg
Test,portrait,1036.jpg
Test,mythological,3198.jpg
Test,still-life,4518.jpg
Test,portrait,262.jpg
Test,genre,6078.jpg
Test,historical,1000.jpg
Test,religious,624.jpg
Test,genre,4273.jpg
Test,religious,360.jpg
Test,interior,1765.jpg
Test,portrait,2649.jpg
Test,religious,632.jpg
Test,religious,553.jpg
Test,other,2049.jpg
Test,study,5288.jpg
Test,religious,535.jpg
Test,other,1971.jpg
Test,other,1846.jpg
Test,mythological,1082.jpg
Test,mythological,2942.jpg
Test,portrait,603.jpg
Test,genre,6166.jpg
Test,mythological,2829.jpg
Test,still-life,4178.jpg
Test,mythological,3324.jpg
Test,interior,1242.jpg
Test,mythological,288.jpg
Test,religious,193.jpg
Test,mythological,2877.jpg
Test,religious,178.jpg
Test,portrait,3450.jpg
Test,landscape,3461.jpg
Test,portrait,562.jpg
Test,religious,584.jpg
Test,interior,1148.jpg
Test,landscape,3702.jpg
Test,landscape,20.jpg
Test,interior,1294.jpg
Test,landscape,679.jpg
Test,mythological,197.jpg
Test,religious,404.jpg
Test,study,12142.jpg
Test,study,2314.jpg
Test,landscape,2671.jpg
Test,landscape,3708.jpg
Test,portrait,1042.jpg
Test,religious,379.jpg
Test,genre,4295.jpg
Test,study,2323.jpg
Test,still-life,6552.jpg
Test,study,5001.jpg
Test,genre,5993.jpg
Test,portrait,411.jpg
Test,still-life,76.jpg
Test,other,1814.jpg
Test,study,12133.jpg
Test,mythological,2970.jpg
Test,religious,366.jpg
Test,other,1838.jpg
Test,landscape,6.jpg
Test,landscape,4392.jpg
Test,interior,5049.jpg
Test,portrait,3081.jpg
Test,interior,2075.jpg
Test,portrait,3358.jpg
Test,portrait,2252.jpg
Test,still-life,3129.jpg
Test,genre,3168.jpg
Test,historical,7854.jpg
Test,historical,10883.jpg
Test,mythological,3307.jpg
Test,still-life,8071.jpg
Test,religious,346.jpg
Test,genre,4818.jpg
Test,landscape,2473.jpg
Test,landscape,2584.jpg
Test,landscape,3415.jpg
Test,religious,396.jpg
Test,mythological,2860.jpg
Test,genre,5551.jpg
Test,historical,6062.jpg
Test,landscape,3862.jpg
Test,portrait,282.jpg
Test,study,2331.jpg
Test,still-life,5022.jpg
Test,other,1305.jpg
Test,genre,5065.jpg
Test,mythological,293.jpg
Test,religious,527.jpg
Test,other,1151.jpg
Test,religious,251.jpg
Test,religious,271.jpg
Test,genre,5794.jpg
Test,interior,1149.jpg
Test,study,4620.jpg
Test,portrait,1013.jpg
Test,mythological,3009.jpg
Test,religious,636.jpg
Test,mythological,2760.jpg
Test,interior,49.jpg
Test,landscape,3396.jpg
Test,religious,97.jpg
Test,genre,2888.jpg
Test,mythological,2566.jpg
Test,genre,4551.jpg
Test,still-life,2393.jpg
Test,landscape,3832.jpg
Test,other,1980.jpg
Test,other,1219.jpg
Test,interior,5050.jpg
Test,portrait,2640.jpg
Test,landscape,681.jpg
Test,landscape,328.jpg
Test,study,10554.jpg
Test,historical,10426.jpg
Test,portrait,408.jpg
Test,religious,242.jpg
Test,genre,2916.jpg
Test,historical,7323.jpg
Test,other,308.jpg
Test,genre,2588.jpg
Test,religious,540.jpg
Test,landscape,2512.jpg
Test,still-life,4297.jpg
Test,still-life,79.jpg
Test,landscape,2590.jpg
Test,still-life,4600.jpg
Test,portrait,423.jpg
Test,historical,694.jpg
Test,study,10624.jpg
Test,genre,5984.jpg
Test,other,1961.jpg
Test,mythological,1008.jpg
Test,historical,10535.jpg
Test,historical,8814.jpg
Test,portrait,62.jpg
Test,other,1894.jpg
Test,landscape,4208.jpg
Test,historical,6647.jpg
Test,study,5859.jpg
Test,religious,394.jpg
Test,religious,405.jpg
Test,genre,4267.jpg
Test,landscape,3103.jpg
Test,still-life,4177.jpg
Test,landscape,4375.jpg
Test,religious,501.jpg
Test,interior,5569.jpg
Test,still-life,2991.jpg
Test,genre,4332.jpg
Test,genre,4553.jpg
Test,interior,2193.jpg
Test,portrait,2380.jpg
Test,genre,6123.jpg
Test,mythological,993.jpg
Test,still-life,5021.jpg
Test,mythological,2259.jpg
Test,portrait,3194.jpg
Test,still-life,3881.jpg
Test,religious,525.jpg
Test,interior,1794.jpg
Test,portrait,3292.jpg
Test,genre,4820.jpg
Test,still-life,2536.jpg
Test,mythological,2258.jpg
Test,study,7449.jpg
Test,historical,6843.jpg
Test,religious,387.jpg
Test,other,46.jpg
Test,landscape,3837.jpg
Test,interior,1779.jpg
Test,other,1981.jpg
Test,portrait,2871.jpg
Test,landscape,2596.jpg
Test,portrait,1083.jpg
Test,mythological,452.jpg
Test,religious,463.jpg
Test,mythological,3086.jpg
Test,interior,1519.jpg
Test,historical,6040.jpg
Test,landscape,683.jpg
Test,portrait,2633.jpg
Test,genre,3866.jpg
Test,interior,5568.jpg
Test,interior,4809.jpg
Test,study,4998.jpg
Test,landscape,3713.jpg
Test,genre,159.jpg
Test,landscape,155.jpg
Test,historical,4306.jpg
Test,landscape,365.jpg
Test,interior,1587.jpg
Test,genre,5549.jpg
Test,portrait,3608.jpg
Test,portrait,431.jpg
Test,religious,259.jpg
Test,mythological,2267.jpg
Test,portrait,252.jpg
Test,interior,2209.jpg
Test,religious,381.jpg
Test,genre,416.jpg
Test,genre,4471.jpg
Test,other,1223.jpg
Test,historical,6741.jpg
Test,interior,3207.jpg
Test,interior,1776.jpg
Test,genre,3853.jpg
Test,historical,9473.jpg
Test,portrait,281.jpg
Test,landscape,3826.jpg
Test,still-life,6176.jpg
Test,mythological,3253.jpg
Test,historical,3790.jpg
Test,still-life,6228.jpg
Test,study,10862.jpg
Test,landscape,4240.jpg
Test,interior,205.jpg
Test,genre,6124.jpg
Test,study,3293.jpg
Test,religious,440.jpg
Test,interior,1974.jpg
Test,portrait,2813.jpg
Test,other,1114.jpg
Test,mythological,2818.jpg
Test,landscape,4393.jpg
Test,religious,490.jpg
Test,interior,1444.jpg
Test,interior,1647.jpg
Test,mythological,986.jpg
Test,genre,2972.jpg
Test,genre,2919.jpg
Test,historical,5229.jpg
Test,portrait,50.jpg
Test,still-life,7723.jpg
Test,other,2029.jpg
Test,study,8025.jpg
Test,landscape,4425.jpg
Test,still-life,3390.jpg
Test,interior,1745.jpg
Test,still-life,6226.jpg
Test,interior,5436.jpg
Test,interior,2179.jpg
Test,genre,5989.jpg
Test,landscape,4377.jpg
Test,mythological,2969.jpg
Test,other,2042.jpg
Test,historical,6054.jpg
Test,interior,1975.jpg
Test,landscape,4399.jpg
Test,other,121.jpg
Test,portrait,570.jpg
Test,study,9458.jpg
Test,other,2005.jpg
Test,portrait,3464.jpg
Test,historical,11145.jpg
Test,mythological,460.jpg
Test,historical,5194.jpg
Test,still-life,6271.jpg
Test,mythological,2346.jpg
Test,other,2013.jpg
Test,interior,2066.jpg
Test,interior,1518.jpg
Test,religious,596.jpg
Test,study,10755.jpg
Test,still-life,4726.jpg
Test,still-life,4535.jpg
Test,portrait,2889.jpg
Test,historical,10534.jpg
Test,genre,3404.jpg
Test,still-life,4181.jpg
Test,landscape,3385.jpg
Test,other,2199.jpg
Test,historical,6661.jpg
Test,mythological,2817.jpg
Test,portrait,2737.jpg
Test,mythological,2342.jpg
Test,religious,220.jpg
Test,interior,1268.jpg
Test,other,582.jpg
Test,landscape,156.jpg
Test,historical,3755.jpg
Test,historical,8672.jpg
Test,study,6736.jpg
Test,other,2197.jpg
Test,portrait,969.jpg
Test,other,2023.jpg
Test,study,233.jpg
Test,historical,8322.jpg
Test,study,12127.jpg
Test,historical,10416.jpg
Test,still-life,2395.jpg
Test,interior,1253.jpg
Test,religious,338.jpg
Test,landscape,3146.jpg
Test,study,2384.jpg
Test,religious,344.jpg
Test,study,12109.jpg
Test,interior,2109.jpg
Test,other,1645.jpg
Test,mythological,455.jpg
Test,historical,318.jpg
Test,historical,6960.jpg
Test,historical,2982.jpg
Test,still-life,6740.jpg
Test,genre,6157.jpg
Test,genre,2492.jpg
Test,mythological,990.jpg
Test,landscape,3865.jpg
Test,historical,7899.jpg
Test,mythological,172.jpg
Test,landscape,3701.jpg
Test,study,2360.jpg
Test,mythological,462.jpg
Test,historical,607.jpg
Test,religious,633.jpg
Test,landscape,3148.jpg
Test,mythological,187.jpg
Test,other,1638.jpg
Test,portrait,3600.jpg
Test,genre,5724.jpg
Test,mythological,171.jpg
Test,still-life,5030.jpg
Test,study,12122.jpg
Test,study,5003.jpg
Test,other,1112.jpg
Test,portrait,976.jpg
Test,interior,1973.jpg
Test,mythological,1021.jpg
Test,historical,3775.jpg
Test,mythological,307.jpg
Test,religious,528.jpg
Test,still-life,6270.jpg
Test,other,2031.jpg
Test,religious,295.jpg
Test,genre,160.jpg
Test,interior,4480.jpg
Test,still-life,6587.jpg
Test,still-life,6657.jpg
Test,still-life,4286.jpg
Test,genre,5975.jpg
Test,interior,5559.jpg
Test,mythological,2820.jpg
Test,still-life,5043.jpg
Test,other,1303.jpg
Test,religious,509.jpg
Test,study,4983.jpg
Test,interior,1455.jpg
Test,other,1260.jpg
Test,mythological,2998.jpg
Test,study,12175.jpg
Test,mythological,2653.jpg
Test,portrait,3428.jpg
Test,other,1081.jpg
Test,historical,10400.jpg
Test,religious,551.jpg
Test,other,1960.jpg
Test,genre,6127.jpg
Test,interior,1764.jpg
Test,portrait,214.jpg
Test,genre,5972.jpg
Test,interior,1754.jpg
Test,landscape,2510.jpg
Test,mythological,2718.jpg
Test,mythological,35.jpg
Test,other,1902.jpg
Test,interior,5060.jpg
Test,mythological,135.jpg
Test,study,2905.jpg
Test,portrait,2292.jpg
Test,religious,54.jpg
Test,landscape,678.jpg
Test,mythological,2900.jpg
Test,still-life,4515.jpg
Test,portrait,1012.jpg
Test,portrait,2563.jpg
Test,still-life,4511.jpg
Test,other,2021.jpg
Test,study,10765.jpg
Test,other,2182.jpg
Test,study,2962.jpg
Test,mythological,433.jpg
Test,mythological,41.jpg
Test,portrait,3247.jpg
Test,historical,10494.jpg
Test,genre,5923.jpg
Test,still-life,4165.jpg
Test,mythological,461.jpg
Test,other,1425.jpg
Test,portrait,2291.jpg
Test,portrait,2403.jpg
Test,interior,1225.jpg
Test,religious,389.jpg
Test,mythological,3147.jpg
Test,genre,5321.jpg
Test,portrait,2290.jpg
Test,landscape,3691.jpg
Test,study,235.jpg
Test,study,7974.jpg
Test,religious,53.jpg
Test,portrait,3059.jpg
Test,interior,4405.jpg
Test,other,1839.jpg
Test,study,10561.jpg
Test,landscape,4436.jpg
Test,historical,8178.jpg
Test,interior,1778.jpg
Test,portrait,2755.jpg
Test,still-life,3392.jpg
Test,religious,493.jpg
Test,study,5259.jpg
Test,other,446.jpg
Test,historical,334.jpg
Test,study,4990.jpg
Test,landscape,2513.jpg
Test,study,12136.jpg
Test,historical,5224.jpg
Test,portrait,412.jpg
Test,genre,5934.jpg
Test,genre,5651.jpg
Test,landscape,2511.jpg
Test,still-life,86.jpg
Test,study,2334.jpg
Test,landscape,4314.jpg
Test,study,9613.jpg
Test,mythological,2744.jpg
Test,other,1987.jpg
Test,study,5904.jpg
Test,mythological,963.jpg
Test,still-life,4532.jpg
Test,mythological,169.jpg
Test,religious,147.jpg
Test,portrait,2890.jpg
Test,portrait,2801.jpg
Test,interior,1619.jpg
Test,historical,6748.jpg
Test,mythological,436.jpg
Test,interior,1258.jpg
Test,religious,499.jpg
Test,genre,3405.jpg
Test,historical,11070.jpg
Test,study,4370.jpg
Test,study,2365.jpg
Test,mythological,3254.jpg
Test,landscape,3692.jpg
Test,historical,5231.jpg
Test,religious,176.jpg
Test,still-life,4163.jpg
Test,portrait,2726.jpg
Test,religious,580.jpg
Test,still-life,4525.jpg
Test,still-life,3758.jpg
Test,historical,57.jpg
Test,landscape,2670.jpg
Test,historical,6617.jpg
Test,other,2087.jpg
Test,landscape,3172.jpg
Test,interior,1543.jpg
Test,genre,5996.jpg
Test,historical,7439.jpg
Test,interior,1545.jpg
Test,genre,2612.jpg
Test,landscape,3870.jpg
Test,landscape,4133.jpg
Test,genre,5303.jpg
Test,portrait,2288.jpg
Test,other,2040.jpg
Test,interior,47.jpg
Test,portrait,2882.jpg
Test,study,12140.jpg
Test,other,1963.jpg
Test,religious,245.jpg
Test,mythological,2774.jpg
Test,still-life,2993.jpg
Test,landscape,3808.jpg
Test,portrait,1009.jpg
Test,still-life,83.jpg
Test,study,2330.jpg
Test,historical,2474.jpg
Test,other,1143.jpg
Test,mythological,188.jpg
Test,study,8405.jpg
Test,other,473.jpg
Test,other,1161.jpg
Test,mythological,3322.jpg
Test,portrait,979.jpg
Test,interior,2083.jpg
Test,religious,149.jpg
Test,still-life,4534.jpg
Test,landscape,2581.jpg
Test,interior,1288.jpg
Test,interior,2086.jpg
Test,genre,4464.jpg
Test,other,1602.jpg
Test,religious,294.jpg
Test,interior,1576.jpg
Test,interior,968.jpg
Test,historical,3437.jpg
Test,landscape,4374.jpg
Test,portrait,255.jpg
Test,study,6734.jpg
Test,interior,1616.jpg
Test,study,2339.jpg
Test,religious,248.jpg
Test,landscape,324.jpg
Test,historical,10797.jpg
Test,interior,1855.jpg
Test,still-life,100.jpg
Test,portrait,2723.jpg
Test,interior,1256.jpg
Test,still-life,3917.jpg
Test,landscape,3703.jpg
Test,historical,10498.jpg
Test,portrait,3284.jpg
Test,genre,4258.jpg
Test,interior,5567.jpg
Test,historical,3751.jpg
Test,genre,3273.jpg
Test,study,2325.jpg
Test,religious,192.jpg
Test,historical,10528.jpg
Test,genre,5341.jpg
Test,mythological,2578.jpg
Test,historical,6041.jpg
Test,historical,401.jpg
Test,study,2348.jpg
Test,mythological,3006.jpg
Test,interior,1730.jpg
Test,interior,2213.jpg
Test,religious,132.jpg
Test,other,2037.jpg
Test,interior,1762.jpg
Test,other,1845.jpg
Test,portrait,22.jpg
Test,landscape,21.jpg
Test,mythological,2878.jpg
Test,portrait,2656.jpg
Test,mythological,2880.jpg
Test,mythological,2577.jpg
Test,still-life,5033.jpg
Test,study,12110.jpg
Test,other,1606.jpg
Test,mythological,2.jpg
Test,study,12149.jpg
Test,study,11937.jpg
Test,religious,546.jpg
Test,portrait,265.jpg
Test,historical,10523.jpg
Test,religious,258.jpg
Test,genre,3088.jpg
Test,interior,1744.jpg
Test,historical,10793.jpg
Test,landscape,2604.jpg
Test,interior,5891.jpg
Test,interior,1739.jpg
Test,religious,599.jpg
Test,genre,475.jpg
Test,interior,2078.jpg
Test,study,9896.jpg
Test,historical,5432.jpg
Test,still-life,7722.jpg
Test,still-life,5388.jpg
Test,interior,5048.jpg
Test,religious,529.jpg
Test,historical,10780.jpg
Test,still-life,3902.jpg
Test,genre,32.jpg
Test,genre,4543.jpg
Test,mythological,2285.jpg
Test,religious,247.jpg
Test,religious,552.jpg
Test,landscape,3378.jpg
Test,study,5261.jpg
Test,mythological,456.jpg
Test,religious,146.jpg
Test,mythological,42.jpg
Test,other,2009.jpg
Test,portrait,2867.jpg
Test,other,444.jpg
Test,mythological,201.jpg
Test,religious,645.jpg
Test,historical,10818.jpg
Test,interior,1621.jpg
Test,historical,6742.jpg
Test,portrait,3356.jpg
Test,other,2200.jpg
Test,study,10856.jpg
Test,portrait,424.jpg
Test,portrait,2954.jpg
Test,religious,276.jpg
Test,portrait,3274.jpg
Test,historical,693.jpg
Test,study,5002.jpg
Test,landscape,3382.jpg
Test,historical,8304.jpg
Test,interior,2135.jpg
Test,still-life,2526.jpg
Test,other,1484.jpg
Test,portrait,3452.jpg
Test,genre,5741.jpg
Test,study,8027.jpg
Test,landscape,4309.jpg
Test,other,1259.jpg
Test,still-life,4722.jpg
Test,still-life,2387.jpg
Test,genre,6138.jpg
Test,landscape,3854.jpg
Test,religious,375.jpg
Test,other,831.jpg
Test,historical,8798.jpg
Test,other,368.jpg
Test,interior,2462.jpg
Test,still-life,6254.jpg
Test,religious,616.jpg
Test,historical,5230.jpg
Test,other,1858.jpg
Test,landscape,3718.jpg
Test,still-life,2543.jpg
Test,study,8028.jpg
Test,religious,651.jpg
Test,landscape,2587.jpg
Test,historical,666.jpg
Test,still-life,8110.jpg
Test,landscape,3849.jpg
Test,genre,4576.jpg
Test,landscape,2507.jpg
Test,study,2308.jpg
Test,other,1401.jpg
